"","ra","dec","pmra","epmra","pmdec","epmdec","mz","ez","my","ey","mj","ej","mh","eh","mk","ek","probability","Cluster"
"1",204.24149261494,-61.9411217808234,-5.91993570327759,0.418828755617142,-2.25146245956421,0.434644907712936,NA,0.053708979125015,NA,0.0310263195741985,15.5572004318237,0.0208403639832304,14.4404001235962,0.053708979125015,13.9822998046875,0.0170700773303131,0,"Pismis18"
"2",204.119670206127,-62.1998766566931,-5.91740274429321,0.151639744639397,-2.44020175933838,0.155675053596497,19.493200302124,NA,18.5160007476807,0.0207155688841159,15.3543996810913,0.019574180158833,14.9275999069214,NA,14.6991996765137,0.021318164275033,1,"Pismis18"
"3",204.251943896985,-62.1687977755247,-5.90392208099365,0.0739291310310364,-2.3200798034668,0.0823068022727966,18.6068000793457,0.0193955496626009,17.5774002075195,0.0163825692692609,14.3003997802734,0.0161732656291325,13.9225997924805,0.0193955496626009,13.7493000030518,0.016423310106477,1,"Pismis18"
"4",204.218976892048,-62.078271374599,-5.90055131912231,0.0661180093884468,-2.34804391860962,0.0811277702450752,18.1065006256104,0.0193706992660312,17.6627006530762,0.0163107663611713,14.4444999694824,0.0161663205776908,14.1323003768921,0.0193706992660312,13.9951000213623,0.0170719720076544,1,"Pismis18"
"5",204.234130331098,-62.1764759804785,-5.88284015655518,0.0802830681204796,-2.3880603313446,0.0892127081751823,17.3647994995117,0.0203671438669143,16.5102996826172,0.0173754223643013,14.7427997589111,0.0169047535414522,14.3971004486084,0.0203671438669143,14.2319002151489,0.0177659787380711,1,"Pismis18"
"6",204.364346925907,-61.9867323275152,-5.88026666641235,0.136436298489571,-2.41598463058472,0.149919673800468,NA,0.0222896576149242,20.0235004425049,0.0190377700997425,15.1465997695923,0.0190147554497589,14.663200378418,0.0222896576149242,14.4911003112793,0.0202238296715744,1,"Pismis18"
"7",204.108302227369,-62.0753281484062,-5.85070943832397,0.38309720158577,-2.24336695671082,0.356218695640564,18.2938995361328,0.0374402662185319,17.6807994842529,0.032677109128307,16.2462005615234,0.0284353552087882,15.7252998352051,0.0374402662185319,15.516300201416,0.0354799405448815,1,"Pismis18"
"8",204.063856938578,-62.0444178807373,-5.84743404388428,0.0400204472243786,-2.22957611083984,0.0497209019958973,17.2987995147705,0.0184963581494414,16.8764991760254,0.0159390773718048,13.4233999252319,0.0154294877921129,13.1395998001099,0.0184963581494414,12.954400062561,0.0150346658157307,1,"Pismis18"
"9",204.209627879785,-62.0746072642287,-5.84442472457886,0.0697253122925758,-2.48185324668884,0.0794130489230156,20.1404991149902,0.0195223417136723,18.7898998260498,0.0164760530187724,14.5417003631592,0.0163514181506136,14.2074003219604,0.0195223417136723,14.0756998062134,0.0170555475790643,1,"Pismis18"
"10",204.248081176715,-62.1558297363423,-5.8432674407959,0.0969244092702866,-2.46336221694946,0.110576987266541,18.3497009277344,0.0215481862874072,17.7099990844727,0.0188784990376654,15.1794004440308,0.0192013116369551,14.807900428772,0.0215481862874072,14.6749000549316,0.0211498510667651,1,"Pismis18"
"11",204.198416760338,-62.0619041115342,-5.83946418762207,0.145754620432854,-2.39116740226746,0.158240780234337,NA,0.0231004530927761,19.2625007629395,0.0198403105988954,15.2997999191284,0.0193010660539187,14.8238000869751,0.0231004530927761,14.6656999588013,0.0211116938399091,1,"Pismis18"
"12",204.122119643748,-62.136174879995,-5.83753442764282,0.0657703056931496,-2.41119766235352,0.0765915811061859,16.3334007263184,0.0194043403257862,15.1423997879028,0.0163500166508174,14.3997001647949,0.0165174034599674,14.1100997924805,0.0194043403257862,13.931300163269,0.0171220880153592,1,"Pismis18"
"13",204.233735531797,-62.0838497167829,-5.83726644515991,0.0286697279661894,-2.18718409538269,0.0357638858258724,18.3836994171143,0.0188744123514755,17.2689990997314,0.0161039636595014,12.5500001907349,0.0166285376479823,12.3319852018356,0.0188744123514755,12.1929471042201,0.0187674219019209,1,"Pismis18"
"14",204.2466406879,-62.0651129331134,-5.83575582504272,0.0749375596642494,-2.46361470222473,0.197322145104408,16.8906993865967,0.0396260456240796,16.5643005371094,NA,11.3166895952225,0.0287430000210445,10.6181496763229,0.0396260456240796,10.3319403018951,0.0241694023584377,1,"Pismis18"
"15",204.177978138108,-62.1614481428846,-5.82935285568237,0.13767983019352,-2.43982791900635,0.1435437053442,19.514799118042,0.0222710693928774,19.0303001403809,0.0194425124625495,15.2513999938965,0.0193728968479434,14.8977003097534,0.0222710693928774,14.7245998382568,0.0215340861859632,1,"Pismis18"
"16",204.395192158854,-62.0825718888732,-5.82836627960205,0.0631963238120079,-2.42775082588196,0.0720508396625519,20.080099105835,0.0194739875787145,19.0177993774414,0.0163675369764847,13.9398002624512,0.0158627208445257,13.4925003051758,0.0194739875787145,13.3208999633789,0.015278898554602,1,"Pismis18"
"17",204.230353470005,-62.106177822134,-5.82293462753296,0.219675838947296,-2.36167430877686,0.224697306752205,NA,0.026642868427568,19.8211994171143,0.0245883018845812,15.6236000061035,0.0216555766878963,15.2413997650146,0.026642868427568,15.0419998168945,0.0257672065776523,1,"Pismis18"
"18",204.297785333695,-62.0872790158649,-5.82027053833008,0.0734487101435661,-2.38795137405396,0.0893427282571793,19.6476001739502,0.0202715011762702,18.6322994232178,0.0173554492813091,14.7214002609253,0.0167089369779193,14.388500213623,0.0202715011762702,14.2616996765137,0.0180176797250338,1,"Pismis18"
"19",204.38134179565,-62.0864200499908,-5.81833076477051,0.118868418037891,-2.31147766113281,0.134864702820778,12.7988996505737,0.0222479885623729,12.6849002838135,0.01936099309989,15.3038997650146,0.0191394497322636,14.9249000549316,0.0222479885623729,14.77649974823,0.0219913435742059,1,"Pismis18"
"20",204.21310729272,-62.098589495814,-5.81527757644653,0.043911300599575,-2.41469717025757,0.0528906658291817,18.5583000183105,0.0207669108708429,18.1958999633789,0.0162517224063889,14.1121997833252,0.0163771102916897,13.8892002105713,0.0207669108708429,13.7878999710083,0.0166632622922457,1,"Pismis18"
"21",204.191608018093,-62.1168080403817,-5.81344604492188,0.0533943735063076,-2.1318097114563,0.0616945661604404,NA,0.0192921608859507,19.6432991027832,0.0163542958318708,14.0565004348755,0.0162369973814717,13.7804002761841,0.0192921608859507,13.6176996231079,0.0159659645211344,1,"Pismis18"
"22",204.207789684574,-62.0814437226807,-5.80333471298218,0.147974714636803,-2.41308927536011,0.160294219851494,19.9337997436523,0.0238762224214176,18.8250007629395,0.0205791987688733,15.4547004699707,0.0197396599505439,15.0118999481201,0.0238762224214176,14.8646001815796,0.0230375116652887,1,"Pismis18"
"23",204.23612795161,-62.0832564064212,-5.79836320877075,0.0834801942110062,-2.28157162666321,0.0999391302466393,20.6215000152588,0.0206313944352768,19.6100997924805,0.0176157240741304,14.7944002151489,0.0172524817545597,14.4095001220703,0.0206313944352768,14.266900062561,0.0180704829291883,1,"Pismis18"
"24",204.171328468659,-62.1427311406432,-5.79774761199951,0.0420241765677929,-2.33087348937988,0.0457663647830486,19.9451999664307,0.0183719949197225,18.1270008087158,0.0165959033601745,13.6709003448486,0.0152675660256736,13.4521999359131,0.0183719949197225,13.2958002090454,0.0151500734127285,1,"Pismis18"
"25",204.290709338189,-62.0981915492959,-5.79421424865723,0.0350514091551304,-2.23953199386597,0.04067762196064,19.0606994628906,0.0183733938461471,18.605899810791,0.0153925510463284,13.3965997695923,0.0151784027647587,13.1627998352051,0.0183733938461471,13.0136995315552,0.0150423893427559,1,"Pismis18"
"26",204.224643659413,-62.2720504705985,-5.79232454299927,0.45045730471611,-2.18245697021484,0.473526865243912,NA,NA,NA,NA,17.4811992645264,0.0694297471542809,14.9799995422363,NA,13.7285003662109,0.0163050566980035,0,"Pismis18"
"27",204.224179219389,-62.0796935874988,-5.78424978256226,0.0578510202467442,-2.26540493965149,0.0665125399827957,20.6833000183105,0.0194839736221587,19.4897994995117,0.0164202283777536,14.1206998825073,0.0162889789692582,13.8150997161865,0.0194839736221587,13.6843004226685,0.0160887889222243,1,"Pismis18"
"28",204.219073095761,-62.0892073498763,-5.78143358230591,0.0426275134086609,-2.35212063789368,0.0551671348512173,999,999,999,999,8.68980697202682,0.0246480630061548,7.95754498720169,999,7.61438181209564,0.0211447863100484,1,"Pismis18"
"29",204.314585921403,-62.1570516313453,-5.78117847442627,0.0546294078230858,-2.10049057006836,0.0681573078036308,18.782600402832,0.0193869946372396,17.7803001403809,0.016396186631,14.0620002746582,0.0162588553301457,13.7220001220703,0.0193869946372396,13.5468997955322,0.0160403173371443,1,"Pismis18"
"30",204.226401592431,-62.0841314219217,-5.78098678588867,0.0473395325243473,-2.2310688495636,0.0579431317746639,19.7290992736816,0.0190322449768741,18.8201999664307,0.0163575028129595,13.9065999984741,0.015710470375728,13.6479997634888,0.0190322449768741,13.5193996429443,0.0160628487453994,1,"Pismis18"
"31",204.249975240749,-62.0818268068835,-5.7809476852417,0.183855026960373,-2.15691924095154,0.204672709107399,NA,0.0274475800880928,NA,0.0241945479840581,15.8028001785278,0.0224897862101926,15.3787002563477,0.0274475800880928,15.2544002532959,0.0297763126140452,1,"Pismis18"
"32",204.197156098931,-62.1199636026608,-5.77948665618896,0.072955384850502,-2.46204924583435,0.0917330160737038,16.3621006011963,0.0198326384212426,14.7698001861572,0.0170124498207383,14.5784997940063,0.016323063149252,14.2009000778198,0.0198326384212426,14.0387001037598,0.0170203831488037,1,"Pismis18"
"33",204.211186471216,-62.0247461083882,-5.77658748626709,0.0495112091302872,-2.32443928718567,0.0606706961989403,19.581600189209,0.0195313786563568,18.9806003570557,0.0163823898777223,14.1322002410889,0.0162669730846919,13.8528995513916,0.0195313786563568,13.703800201416,0.0161740364666181,1,"Pismis18"
"34",204.160674546927,-62.0952833787824,-5.77546882629395,0.0378643684089184,-2.35165119171143,0.0447593629360199,20.6196994781494,0.0185385441808393,19.6625003814697,0.0154512230363985,13.2897996902466,0.0153969435966069,13.0367002487183,0.0185385441808393,12.8531999588013,0.0149980835345751,1,"Pismis18"
"35",204.228719651655,-61.8974025921123,-5.77316045761108,0.0370789766311646,-2.33486723899841,0.0435642302036285,999,999,999,999,9.64251512432098,0.0247033400654193,9.35152527332306,999,9.2183897151947,0.0231436816891518,0.98,"Pismis18"
"36",204.292175399919,-62.0464551165915,-5.77214813232422,0.0752390697598457,-2.29145288467407,0.0851421728730202,NA,0.0200892829934579,NA,0.0171097136859162,14.6533002853394,0.0163921893401174,14.3521995544434,0.0200892829934579,14.209400177002,0.0176060453459109,1,"Pismis18"
"37",204.343466699545,-62.1135328629671,-5.76397943496704,0.0911991223692894,-2.32296085357666,0.108856581151485,19.5323009490967,0.0209914418368671,18.6611995697021,0.0183896925884724,15.0487003326416,0.0185284063857764,14.7065000534058,0.0209914418368671,14.5410995483398,0.0205049888430678,1,"Pismis18"
"38",204.212853201936,-62.1030783920405,-5.76371955871582,0.162569835782051,-2.17584776878357,0.183006480336189,NA,0.0259632953414227,19.6270008087158,0.0231753843889878,15.7480001449585,0.0220425947342245,15.3414001464844,0.0259632953414227,15.161600112915,0.0279274937509884,1,"Pismis18"
"39",204.214300082565,-62.0698084350745,-5.76366806030273,0.0632741525769234,-2.26439571380615,0.0750723108649254,13.7709999084473,0.0193173561936573,13.5914001464844,0.0162313259641684,14.4486999511719,0.0161678165747591,14.1225996017456,0.0193173561936573,13.9891004562378,0.0170648485609753,1,"Pismis18"
"40",204.122630511914,-62.0723737728151,-5.76275014877319,0.0655751526355743,-2.44810152053833,0.0807664170861244,15.7750997543335,0.0194262086231219,15.49880027771,0.0165477709528738,14.1567001342773,0.0163945756731513,13.8562002182007,0.0194262086231219,13.6543998718262,0.0160128484728979,1,"Pismis18"
"41",204.250487597012,-62.1377556954675,-5.75951671600342,0.0323637612164021,-2.15936040878296,0.0407914891839027,20.0897006988525,0.0194524634876312,19.1124992370605,0.0172799653998641,13.5097999572754,0.0152140317924509,13.2509002685547,0.0194524634876312,13.0802001953125,0.0150214516083489,1,"Pismis18"
"42",204.342357946392,-62.0833780479963,-5.75798892974854,0.115189209580421,-2.3417866230011,0.131039291620255,NA,0.0225900371806038,20.0352993011475,0.019554647780406,15.353099822998,0.0191795226859766,14.9728002548218,0.0225900371806038,14.834400177002,0.0226430858104727,1,"Pismis18"
"43",204.2495641041,-62.1126702576601,-5.75419282913208,0.0593672506511211,-2.40669894218445,0.0722699016332626,19.6263999938965,0.0193475715549899,18.5578002929688,0.0166494274488585,14.5932998657227,0.0162326799317141,14.3035001754761,0.0193475715549899,14.1572999954224,0.0172894356127443,1,"Pismis18"
"44",204.227144005061,-62.0993852469781,-5.75307369232178,0.0372803658246994,-2.27149939537048,0.0440963096916676,999,999,999,999,10.211526632309,0.0266575885704445,9.52374482154846,999,9.25310182571411,0.0211589694504457,1,"Pismis18"
"45",204.194642211859,-62.1008559581417,-5.75261402130127,0.0290936455130577,-2.20469546318054,0.0365279279649258,19.2234992980957,0.0184159152863734,18.2793998718262,0.0153089735414811,12.8957004547119,0.0150499629683405,12.6793002404172,0.0184159152863734,12.529499979166,0.0150284955952478,1,"Pismis18"
"46",204.058867926741,-62.1100339813609,-5.7484245300293,0.0425385870039463,-2.41607689857483,0.0475126691162586,20.0333995819092,0.0184982779123045,19.0916996002197,0.0165022749307762,13.6219997406006,0.0152042049987918,13.3797998428345,0.0184982779123045,13.2103996276855,0.014911265136541,1,"Pismis18"
"47",204.389523055768,-62.1772114951495,-5.74503803253174,0.0419207513332367,-2.16512894630432,0.051044724881649,19.8911991119385,0.0187801343649478,19.0688991546631,0.0163245237026194,13.8739004135132,0.0154834645637086,13.6141004562378,0.0187801343649478,13.4425001144409,0.0159433660433956,1,"Pismis18"
"48",204.268535431984,-62.0837396173065,-5.74375247955322,0.0406470485031605,-2.29230117797852,0.0481855161488056,19.1186008453369,0.0184089487286821,17.8556995391846,0.0164697298862061,13.7196998596191,0.0150559659369325,13.4895000457764,0.0184089487286821,13.3784999517862,0.0156266457535725,1,"Pismis18"
"49",204.197724973265,-62.0828561350537,-5.74157905578613,0.0383487083017826,-2.23805522918701,0.0463593155145645,999,999,999,999,10.1251642475128,0.0389443693364003,9.35234004020691,999,8.99806411361694,0.0302334906844758,1,"Pismis18"
"50",204.201729669146,-62.0104314872889,-5.73661375045776,0.0796878561377525,-2.29490447044373,0.0945909842848778,NA,0.0202462735415158,NA,0.0173032485323421,14.9359998703003,0.0179918680468553,14.6171998977661,0.0202462735415158,14.4764003753662,0.02013339464241,1,"Pismis18"
"51",204.27934360842,-62.1263415308971,-5.73654794692993,0.0860935598611832,-2.36039423942566,0.109723336994648,16.6427001953125,0.0212211758820259,16.1126003265381,0.0183743659413473,15.0946998596191,0.0188346262092519,14.7531995773315,0.0212211758820259,14.5965003967285,0.0207563428908094,1,"Pismis18"
"52",204.266349234778,-62.1135233593516,-5.73600482940674,0.0580738820135593,-2.38378739356995,0.0784346908330917,18.5438003540039,0.0192872205856059,17.2768993377686,0.0162738486243526,14.3533000946045,0.0161944782087969,14.0319004058838,0.0192872205856059,13.8807001113892,0.0170726328572768,1,"Pismis18"
"53",204.107511683162,-62.1239818480822,-5.73064088821411,0.227806657552719,-2.53354120254517,0.237010657787323,18.612699508667,0.0222035589037797,17.8418998718262,0.0176966340258966,14.6497001647949,0.0165845031738085,14.0173997879028,0.0222035589037797,13.7070999145508,0.0161910568172076,0.97,"Pismis18"
"54",204.191773059345,-62.1787243637363,-5.7294340133667,0.0453076139092445,-2.34150528907776,0.050307922065258,18.2772998809814,0.0184478630950574,17.8162002563477,0.0165192421283008,13.8191995620728,0.0153923021103389,13.6026000976562,0.0184478630950574,13.4252996444702,0.015880106610277,1,"Pismis18"
"55",204.178082378231,-62.0687075176445,-5.72822237014771,0.0400496087968349,-2.2628436088562,0.0483965091407299,20.3747997283936,0.0183987283721693,19.0492992401123,0.0156053547992913,13.3782997131348,0.0151479169254875,13.054200135457,0.0183987283721693,12.8978995772119,0.0150048009700915,1,"Pismis18"
"56",204.340180463294,-62.1192809137995,-5.72437381744385,0.0363973006606102,-2.41232967376709,0.0466342866420746,17.6868000030518,0.0182872624499338,16.801399230957,0.0164947679273578,13.6445999145508,0.0152180385663403,13.4266996383667,0.0182872624499338,13.2659997940063,0.0150226973398015,1,"Pismis18"
"57",204.09551526937,-62.0509823224084,-5.7215576171875,0.289997726678848,-2.19636797904968,0.285459697246552,18.7548007965088,0.0278560327210048,17.7106990814209,0.0231121852052414,15.581600189209,0.0210912121630569,15.092399597168,0.0278560327210048,14.8521003723145,0.0228890225279789,1,"Pismis18"
"58",204.225582288881,-62.0768019611837,-5.72028303146362,0.100405007600784,-2.21338033676147,0.118262931704521,NA,0.021120739233181,NA,0.0180900767082005,15.0296001434326,0.0186232697138334,14.6377000808716,0.021120739233181,14.4843997955322,0.0201964152941503,1,"Pismis18"
"59",204.335575103019,-62.151548660373,-5.71903324127197,0.133105337619781,-2.38412880897522,0.164031386375427,NA,0.0264137612803233,NA,NA,15.3347997665405,0.0193571400396308,14.9084997177124,0.0264137612803233,14.7228002548218,0.0215364565180008,1,"Pismis18"
"60",204.214592130109,-62.1317349276326,-5.71735429763794,0.0416632443666458,-2.30537486076355,0.0497708544135094,17.880199432373,0.0191647667359108,16.9641990661621,0.0164711463643985,14.0087003707886,0.0162569024868049,13.7807998657227,0.0191647667359108,13.6391000747681,0.0159884779723373,1,"Pismis18"
"61",204.183163592915,-62.1029206181642,-5.71637535095215,0.0477864630520344,-2.29421043395996,0.0571677498519421,17.5118007659912,0.0184646990995563,16.5739002227783,0.0162558627853713,13.9000997543335,0.0156072179495875,13.6400995254517,0.0184646990995563,13.5081996917725,0.0160522112185004,1,"Pismis18"
"62",204.168799805418,-62.1100181567441,-5.71581315994263,0.0606121905148029,-2.18308162689209,0.0749453380703926,19.5062007904053,0.0196382973957508,18.5536994934082,0.0164138398266039,14.4652996063232,0.0164077657544395,14.2047996520996,0.0196382973957508,14.0363998413086,0.0170610564250783,1,"Pismis18"
"63",204.033478799159,-62.1290916913741,-5.71516418457031,0.0618842579424381,-2.27665233612061,0.0699693188071251,19.4682006835938,0.0194479127899866,18.7577991485596,0.0166129306816065,14.0986995697021,0.0166416888915055,13.7975997924805,0.0194479127899866,13.6133003234863,0.0160055011549657,1,"Pismis18"
"64",204.277347635844,-62.0521165956985,-5.71169853210449,0.0622706636786461,-2.33924198150635,0.0722926557064056,20.3383007049561,0.0190686371944571,19.2369003295898,0.0164467404256462,13.885199546814,0.0155254118618195,13.6093997955322,0.0190686371944571,13.4563999176025,0.0159968002195897,1,"Pismis18"
"65",204.233190983191,-62.0869583177399,-5.71108245849609,0.0228834189474583,-2.25053119659424,0.0284498352557421,999,999,999,999,10.9386124134064,0.0297232224054595,10.2622201442719,999,10.0143124580383,0.0231780068551699,1,"Pismis18"
"66",204.26349708936,-62.1085697159912,-5.71086597442627,0.074419304728508,-2.18816733360291,0.0900469645857811,16.1702995300293,0.0205168491162276,15.7524995803833,0.0173492307296538,14.7938003540039,0.0171690361172575,14.4727001190186,0.0205168491162276,14.3135004043579,0.0185380191324955,1,"Pismis18"
"67",204.101491721247,-62.1174460855996,-5.70989322662354,0.0406972244381905,-2.24700927734375,0.0458719804883003,NA,0.0183370604517794,19.5928001403809,0.0167120387999215,13.6140003204346,0.0153524047193502,13.3895998001099,0.0183370604517794,13.2290000915527,0.0149392977664507,1,"Pismis18"
"68",204.175252884056,-62.0459017748564,-5.70910692214966,0.0834415480494499,-2.31358528137207,0.0956719890236855,19.9971008300781,0.020378270979152,18.7017993927002,0.017443889839266,14.7861003875732,0.0171046202838814,14.4406003952026,0.020378270979152,14.3123998641968,0.0185163782193293,1,"Pismis18"
"69",204.171464109755,-62.0879603158765,-5.70536184310913,0.0381487272679806,-2.22869777679443,0.0453765019774437,20.2777004241943,0.0184215962984481,19.3446998596191,0.0153592045545315,13.3381996154785,0.0152034414823946,13.0651998519897,0.0184215962984481,12.9052000045776,0.0150070325893246,1,"Pismis18"
"70",204.169466402268,-62.1238143647252,-5.70279741287231,0.0494711622595787,-2.36140012741089,0.0579410009086132,NA,0.019260900279614,NA,0.0164498626285798,14.0936002731323,0.0163895507411495,13.8747997283936,0.019260900279614,13.707200050354,0.0161885499052077,1,"Pismis18"
"71",204.238277412163,-62.0902431311059,-5.70209074020386,0.116230741143227,-2.35429358482361,0.134613335132599,18.4500007629395,0.0224159001507896,17.9703006744385,0.0193637215826025,15.2632999420166,0.0192206262294318,14.8779001235962,0.0224159001507896,14.7544002532959,0.0217782532694896,1,"Pismis18"
"72",204.190995976674,-62.1263426373923,-5.70098972320557,0.064520888030529,-2.26605820655823,0.0769219398498535,NA,0.0191998964926402,NA,0.0162238612171516,14.5145998001099,0.0162363424486022,14.2508001327515,0.0191998964926402,14.0989999354782,0.0170823571600295,1,"Pismis18"
"73",204.238877268321,-62.1090311079788,-5.69648456573486,0.0542627274990082,-2.25579309463501,0.0680357664823532,17.9302005767822,0.0194155135236051,16.7173004150391,0.0164247419681201,14.4212999343872,0.0166998488887859,14.1427001953125,0.0194155135236051,13.9871997833252,0.0170749984149282,1,"Pismis18"
"74",204.116627094528,-62.1098191555797,-5.69638967514038,0.0381812229752541,-2.28488445281982,0.0442073792219162,19.3822994232178,0.0182871080596704,17.9939002990723,0.0154334843610501,13.4222002029419,0.015281203540614,13.1759996414185,0.0182871080596704,12.9907999038696,0.0150430019104848,1,"Pismis18"
"75",204.245073577488,-62.0888296199499,-5.69035959243774,0.0255228634923697,-2.43134236335754,0.0337676256895065,19.3831996917725,0.0219821534148042,18.74880027771,0.021682988824871,11.4213173398972,0.0245977033400337,10.7593952989578,0.0219821534148042,10.550641752243,0.0191473751909962,1,"Pismis18"
"76",204.2390237088,-62.1006593805571,-5.69018459320068,0.0287446808069944,-2.29499554634094,0.0352426432073116,19.165599822998,0.018935880686352,18.5604000091553,0.0181986814674853,13.0504999160767,0.0152924686040857,12.8277997970581,0.018935880686352,12.6612903785539,0.0180227516168469,1,"Pismis18"
"77",204.278904773242,-62.0561401660436,-5.69017839431763,0.0500101670622826,-2.27092790603638,0.0548344142735004,NA,0.018497049891642,19.7416000366211,0.0165829854102233,13.7497997283936,0.0150925148126466,13.4625997543335,0.018497049891642,13.3122997283936,0.0152356962196567,1,"Pismis18"
"78",204.119907224896,-62.0488912100589,-5.68704605102539,0.025619100779295,-2.18412637710571,0.0317573212087154,999,999,999,999,10.6573029880524,0.0225874964055889,9.90230467796326,999,9.5974780921936,0.0191329552503847,1,"Pismis18"
"79",204.220986732423,-62.0749322427923,-5.68499135971069,0.0924709215760231,-2.37403416633606,0.102285362780094,19.317699432373,0.0204073148659941,18.1821002960205,0.017504833371603,14.8464002609253,0.0175564023756538,14.4897003173828,0.0204073148659941,14.3514003753662,0.018960811803689,1,"Pismis18"
"80",204.368240946976,-62.0835482156898,-5.68412113189697,0.0622249729931355,-2.34450006484985,0.073919802904129,20.630500793457,0.0194698053796617,19.4228992462158,0.0168311941530572,14.6591997146606,0.0164623299742342,14.3608999252319,0.0194698053796617,14.2288999557495,0.0177338965784851,1,"Pismis18"
"81",204.126531020282,-62.0151191204603,-5.6840648651123,0.0370947867631912,-2.29785871505737,0.0463449694216251,16.392599105835,0.0182934780317992,16.1063995361328,0.0164006088407062,13.6555004119873,0.0151490480625545,13.4409999847412,0.0182934780317992,13.2842998504639,0.0150919119035436,1,"Pismis18"
"82",204.20916625396,-62.1108147568813,-5.6837363243103,0.0934387519955635,-2.51924133300781,0.110117860138416,19.5235004425049,0.0207616795347216,18.7376003265381,0.0180352042698126,15.0492000579834,0.0186158813943648,14.6876001358032,0.0207616795347216,14.5247001647949,0.0204177191469382,1,"Pismis18"
"83",204.266631250838,-62.084818579299,-5.6837215423584,0.0309113394469023,-2.35345506668091,0.036662008613348,NA,0.0184927718511838,19.6830997467041,0.0154477024763275,12.8762998580933,0.0152085550565464,12.8669004440308,0.0184927718511838,12.4849004745483,0.0149967167125551,0.16,"Pismis18"
"84",204.400057922362,-62.146788861489,-5.68222570419312,0.0422657206654549,-2.24507617950439,0.0512644052505493,18.3780994415283,0.0191758788975154,17.9972991943359,0.0163045620513547,13.9091997146606,0.015780349084671,13.6230001449585,0.0191758788975154,13.464599609375,0.0160180715461522,1,"Pismis18"
"85",204.265156198858,-62.0647171719149,-5.68031406402588,0.0276860501617193,-2.33031296730042,0.0322698019444942,NA,0.0195771931302402,19.8104000091553,0.0156793347117062,12.7456998825073,0.0154136236696588,12.463080329895,0.0195771931302402,12.3341388972915,0.0176789618310272,1,"Pismis18"
"86",204.207352969479,-62.0921463954599,-5.67918729782104,0.0544450618326664,-2.34882521629333,0.0671004205942154,19.2667007446289,0.0195318203226207,18.1627006530762,0.0164475145609156,14.0998001098633,0.016432852392839,13.7581996917725,0.0195318203226207,13.6226997375488,0.015994922639321,1,"Pismis18"
"87",204.055274124863,-62.0762574863785,-5.67734098434448,0.0398107133805752,-2.42349362373352,0.0478409342467785,17.8122005462646,0.0186802585068976,17.3847999572754,0.0156873980260323,13.2009000778198,0.0153102103896663,12.9046001434326,0.0186802585068976,12.6955003738403,0.0150334757994611,1,"Pismis18"
"88",204.272598927477,-62.0092836611342,-5.67609071731567,0.0560641512274742,-2.471595287323,0.0729937553405762,19.8248996734619,0.0195920593724757,18.8008003234863,0.0162542904033684,14.3912000656128,0.0163331786324144,14.0960998535156,0.0195920593724757,13.9443998336792,0.0171091033332139,1,"Pismis18"
"89",204.348557519733,-62.1279886845584,-5.6759786605835,0.0393129251897335,-2.23832988739014,0.048849169164896,18.0344009399414,0.01865440008098,17.1068000793457,0.0163441897626316,13.8720998764038,0.0155844472128417,13.6213998794556,0.01865440008098,13.4725999832153,0.0160332294358557,1,"Pismis18"
"90",204.260717248373,-62.2481130774472,-5.67560291290283,0.0647594183683395,-2.27088022232056,0.0730384439229965,NA,0.0197347479370151,NA,0.0166982346572495,14.5706996917725,0.0166512717834469,14.253999710083,0.0197347479370151,14.092399597168,0.0170761094729089,1,"Pismis18"
"91",204.133105229134,-62.1128411925598,-5.67547416687012,0.0497949533164501,-2.25368762016296,0.0586065836250782,16.2292995452881,0.019187640999357,15.9476003646851,0.0164206717798912,14.0493001937866,0.0163621016515054,13.8172998428345,0.019187640999357,13.6420001983643,0.015985690228275,1,"Pismis18"
"92",204.119723044698,-62.1517039532351,-5.67413520812988,0.0284495800733566,-2.32228088378906,0.0342160984873772,NA,0.0183755130978713,NA,0.0155135570533074,12.7987003326416,0.0154500343437191,12.6415996551514,0.0183755130978713,12.4103447060104,0.0179908401305315,0.16,"Pismis18"
"93",204.23734949219,-62.0972816075277,-5.67376232147217,0.0308421682566404,-2.24006676673889,0.0372104644775391,18.8792991638184,0.0185753825855181,18.3432006835938,0.0154929361290652,12.7637996673584,0.0152317162976377,12.6267995834351,0.0185753825855181,12.4342002600469,0.0149219249121443,1,"Pismis18"
"94",204.269743243866,-62.1188011156294,-5.67309617996216,0.0744211450219154,-2.26177906990051,0.0887705311179161,NA,0.0204273757046456,NA,0.017333982084179,14.8731002807617,0.0175873184501898,14.548999786377,0.0204273757046456,14.3895998001099,0.0193641066690767,1,"Pismis18"
"95",204.278813687656,-62.0899414577543,-5.67234754562378,0.027966320514679,-2.25703549385071,0.0341032668948174,19.051700592041,0.0185544125605682,17.8917999267578,0.0163459649782651,12.564003847634,0.024161795731139,12.1219800519943,0.0185544125605682,12.0982107903587,0.0176605933470804,0.98,"Pismis18"
"96",204.333125151833,-62.1039715969982,-5.67033624649048,0.0364164747297764,-2.36889147758484,0.0453777350485325,20.5671005249023,0.0184770320982254,19.5622997283936,0.0163197031386213,13.5995998382568,0.0152075402364489,13.3843002319336,0.0184770320982254,13.2340002059937,0.0149435489297598,1,"Pismis18"
"97",204.201271123944,-62.1143654014022,-5.66805362701416,0.0237182695418596,-2.19305896759033,0.0297376103699207,20.359899520874,0.0225644263439753,19.2182998657227,NA,11.1286581382751,0.0226423274913063,10.528230342865,0.0225644263439753,10.2687081680298,0.021131729413516,1,"Pismis18"
"98",204.131422436608,-62.134382351982,-5.66528987884521,0.146949306130409,-2.0602285861969,0.147314205765724,19.9601001739502,0.0225434294055168,18.9032001495361,0.0197117866815104,15.3508996963501,0.0193977351967346,14.9881000518799,0.0225434294055168,14.8304004669189,0.0226261969987795,1,"Pismis18"
"99",204.116629943586,-62.0199741342876,-5.66447973251343,0.0560797639191151,-2.27322936058044,0.068542443215847,NA,0.019440556797977,NA,0.0164882502710781,14.4226999282837,0.0162327413714705,14.1964998245239,0.019440556797977,14.0425996780396,0.0170259908477486,1,"Pismis18"
"100",204.192825509333,-62.1089707040435,-5.66318607330322,0.0463962554931641,-2.23333263397217,0.0549311861395836,20.17919921875,0.0193300195263072,18.9738998413086,0.0167271313811382,14.0395002365112,0.016388714058807,13.793399810791,0.0193300195263072,13.6546001434326,0.0160049810220857,1,"Pismis18"
"101",204.267459908404,-62.0594792701322,-5.66302680969238,0.04684654250741,-2.18940043449402,0.0539945140480995,17.0540008544922,0.0193515565452142,16.132999420166,0.0165786479210193,13.7672996520996,0.0150864842779868,13.5048999786377,0.0193515565452142,13.3691997528076,0.0155725443186722,1,"Pismis18"
"102",204.064818146348,-62.1020921716628,-5.66154146194458,0.0627010464668274,-2.18717002868652,0.0783408358693123,NA,0.0194423786773379,NA,0.0170100835118307,14.2878999710083,0.0163247050587164,14.0243997573853,0.0194423786773379,13.8311004638672,0.0169137057460855,1,"Pismis18"
"103",204.357910270047,-62.1268941158773,-5.66148519515991,0.0247307922691107,-2.26132822036743,0.0323421135544777,15.0930004119873,0.0184872805515411,14.7777996063232,0.0156166531263109,12.7728996276855,0.0155383111873363,12.733099937439,0.0184872805515411,12.4216620492381,0.017737065613382,0.16,"Pismis18"
"104",204.208058349693,-62.0839302982426,-5.66050624847412,0.0549602657556534,-2.2330539226532,0.0632390677928925,NA,0.0197772515054959,NA,0.0167541152567536,14.0137996673584,0.0161999243240144,13.6660995483398,0.0197772515054959,13.5249996185303,0.0160656204805162,1,"Pismis18"
"105",204.156914774932,-62.0424547806863,-5.66030693054199,0.0254095625132322,-2.33110427856445,0.0311789065599442,NA,0.0188168475229525,NA,0.0161407931874428,12.2844242694755,0.0240029178708191,11.9342900323868,0.0188168475229525,11.8297149761332,0.0246586608858977,0.98,"Pismis18"
"106",204.22155869798,-62.0383756340986,-5.65755558013916,0.0365409962832928,-2.27572250366211,0.0439713262021542,19.2266006469727,0.0184932024751645,18.1693992614746,0.0156122958413968,13.4314002990723,0.0152074138037698,13.1872997283936,0.0184932024751645,13.0588998794556,0.0150283868456389,1,"Pismis18"
"107",204.083096182785,-62.0077821408578,-5.65475606918335,0.560137987136841,-2.08980298042297,0.584025382995605,16.1215991973877,0.0230622815914893,15.690299987793,0.0194548561595787,15.1139001846313,0.0191356942992029,14.5778999328613,0.0230622815914893,14.3416004180908,0.0188625418556881,0.97,"Pismis18"
"108",204.18100797848,-62.1723064671217,-5.65384387969971,0.024131216108799,-2.19318103790283,0.0268298946321011,16.3390998840332,0.0219806842396562,16.0366992950439,0.0197315771434533,11.7397865724564,0.0225874964055889,11.4078446149826,0.0219806842396562,11.2298618030548,0.0191329552503847,1,"Pismis18"
"109",204.189805133514,-62.193468233904,-5.6535587310791,0.069062814116478,-2.27197289466858,0.0770907923579216,NA,0.0192995872603173,NA,0.0164451975902544,14.4505996704102,0.0161726799371301,14.1701002120972,0.0192995872603173,13.9975004196167,0.0170497298039913,1,"Pismis18"
"110",204.266658019615,-62.0433621536946,-5.65154695510864,0.0802498534321785,-2.26405811309814,0.0906960666179657,17.5690002441406,0.0203246435186401,16.5195007324219,0.0172569564156095,14.5930995941162,0.0162509654288544,14.2025995254517,0.0203246435186401,14.0384998321533,0.0170329089399227,1,"Pismis18"
"111",204.184503677673,-62.096433668388,-5.65023994445801,0.0809427499771118,-2.35686278343201,0.0931305736303329,19.3647003173828,0.0203241824416504,18.4312000274658,0.0173416758749922,14.7700004577637,0.0169628141530491,14.4216995239258,0.0203241824416504,14.2819995880127,0.0181954494250516,1,"Pismis18"
"113",204.202409761014,-62.086146731132,-5.64478206634521,0.0350519008934498,-2.28027701377869,0.0421272069215775,NA,0.0188250855233941,17.3651008605957,0.0154225194353792,13.1875,0.0152333674159185,13.1036996841431,0.0188250855233941,12.7976999282837,0.0150081424430799,0.16,"Pismis18"
"114",204.17018459518,-62.1259324417236,-5.64334058761597,0.342805832624435,-2.11479592323303,0.368874281644821,19.2346000671387,0.0752169949277821,18.2686996459961,0.0368380213010187,15.6206998825073,0.0214644279784185,14.3311996459961,0.0752169949277821,13.7334995269775,0.0163299835801189,0,"Pismis18"
"115",204.214502745718,-62.075589589628,-5.64202833175659,0.0413335189223289,-2.31885051727295,0.048680268228054,NA,0.0185236478983975,NA,0.0160908736635622,13.5117998123169,0.0152886895727033,13.233699798584,0.0185236478983975,13.1042003631592,0.0149878471644448,1,"Pismis18"
"116",204.257410670799,-62.1623730117824,-5.64141368865967,0.0882786214351654,-2.13070130348206,0.0979256704449654,NA,0.0203796141937934,NA,0.0175387688302829,14.8936996459961,0.0177530128392887,14.5322999954224,0.0203796141937934,14.3606996536255,0.0190601901722421,1,"Pismis18"
"117",204.239876435348,-62.1696155550721,-5.64111280441284,0.0593799911439419,-2.34123921394348,0.0704317763447762,17.3894996643066,0.0193256220158276,16.8101997375488,0.0163569145541208,14.3845996856689,0.016169582807295,14.1149997711182,0.0193256220158276,13.9812002182007,0.01707200560575,1,"Pismis18"
"118",204.299194219222,-62.1008609999102,-5.63836336135864,0.0204126816242933,-2.20577454566956,0.0243110861629248,19.3076992034912,NA,18.6772003173828,NA,10.7073024597168,0.0245977033400337,10.0503702545166,NA,9.77325228118896,0.0191473751909962,1,"Pismis18"
"119",204.299194219222,-62.1008609999102,-5.638258934021,0.0205184556543827,-2.20557045936584,0.0244843009859324,19.3076992034912,NA,18.6772003173828,NA,10.7073024597168,0.0245977033400337,10.0503702545166,NA,9.77325228118896,0.0191473751909962,1,"Pismis18"
"120",204.24615039622,-62.0616305282034,-5.63810539245605,0.116859056055546,-2.49365162849426,0.130776450037956,20,0.0215737934247427,18.9934005737305,0.0185384959419984,15.043399810791,0.0186478142878234,14.6416997909546,0.0215737934247427,14.4806995391846,0.0201876719229271,1,"Pismis18"
"121",204.304592861412,-62.1914468947131,-5.63521003723145,0.0756544470787048,-2.21167325973511,0.0878221243619919,19.8705005645752,0.0195037020566827,19.2012996673584,0.0162788193147888,14.4447002410889,0.0161608354380024,14.1183004379272,0.0195037020566827,13.923999786377,0.0171038290281422,1,"Pismis18"
"122",204.311933231665,-62.0284672659107,-5.63510465621948,0.721106171607971,-2.44845509529114,0.726456999778748,19.9517002105713,0.233677149897641,18.5709991455078,0.129050036522082,17.1310005187988,0.0517687743619715,15.7948999404907,0.233677149897641,15.2177000045776,0.0290354399289012,0,"Pismis18"
"123",204.195303755347,-62.0967797671873,-5.63488864898682,0.0323449447751045,-2.13116073608398,0.0381993912160397,16.9750995635986,0.0183105934853577,15.2383003234863,0.0153763119930424,12.9159002304077,0.0151087619331497,12.68869972229,0.0183105934853577,12.5572996139526,0.0150427569546611,1,"Pismis18"
"124",204.146890837442,-62.2256840007894,-5.63251543045044,0.0778155252337456,-2.13761353492737,0.0886954367160797,18.4136009216309,0.0198666081016527,17.0673007965088,0.0174361039503889,14.7024002075195,0.0167721709006559,14.4127998352051,0.0198666081016527,14.2313003540039,0.0177742345890957,1,"Pismis18"
"125",204.179445238492,-62.1219525381657,-5.63205862045288,0.0565462447702885,-2.25488066673279,0.070461317896843,NA,0.0193884766645093,NA,0.0163509918911148,14.0128002166748,0.0162923900924746,13.6731004714966,0.0193884766645093,13.4925003051758,0.0160604562651879,1,"Pismis18"
"126",204.196507565604,-62.1736790214452,-5.63129329681396,0.066305935382843,-2.29456782341003,0.0710935890674591,20.0287990570068,0.0194518474133418,19.0018997192383,0.0164267024240639,14.2068004608154,0.0162957427027589,13.8948001861572,0.0194518474133418,13.7037000656128,0.0161687109570821,1,"Pismis18"
"127",204.230887390323,-62.1058643637495,-5.62994050979614,0.0903800949454308,-2.4944543838501,0.107634969055653,18.559700012207,0.0204674923851728,18.0956001281738,0.0172847024229737,14.8394002914429,0.0174208361483428,14.5173997879028,0.0204674923851728,14.3571996688843,0.0190209529976155,1,"Pismis18"
"128",204.246236246792,-62.0503006382747,-5.62312841415405,0.0636691525578499,-2.12620949745178,0.0744583755731583,NA,0.0194196766161497,NA,0.0162694281219641,14.4708995819092,0.016261236925084,14.1612997055054,0.0194196766161497,14.0297002792358,0.0170428870924533,1,"Pismis18"
"129",204.140298084254,-62.0971781086452,-5.61540603637695,0.0584708824753761,-2.32103967666626,0.0736564844846725,19.9176998138428,0.0194458348184786,19.0669002532959,0.0164934806645419,14.0907001495361,0.0164268736174031,13.793399810791,0.0194458348184786,13.6085996627808,0.0159827890648954,1,"Pismis18"
"130",204.104509364052,-62.0334956394594,-5.61534833908081,0.048504538834095,-2.16948127746582,0.0619098581373692,NA,0.0196519187752355,NA,0.0167384599289382,14.1490001678467,0.0163898374427837,13.8760004043579,0.0196519187752355,13.7194995880127,0.0162602274054094,1,"Pismis18"
"131",204.246547412109,-62.0964764164644,-5.6115460395813,0.0458123311400414,-2.20008134841919,0.0540287904441357,14.7371997833252,0.0184716508636116,14.5755996704102,0.0163749960154768,13.7915000915527,0.0151820793445603,13.5260000228882,0.0184716508636116,13.393500328064,0.0157076418044349,1,"Pismis18"
"132",204.205347019452,-61.9006980172848,-5.61151504516602,0.112945944070816,-2.15196228027344,0.127556294202805,NA,0.0211233741400281,NA,0.017550539650572,14.8071002960205,0.0175788697210259,14.3707999725926,0.0211233741400281,14.1649999182868,0.0173595159849168,1,"Pismis18"
"133",204.22079771134,-62.0921985061956,-5.61121845245361,0.0296384133398533,-2.31179213523865,0.0397742353379726,19.3894004821777,0.0411855191653004,18.6436004638672,0.0326821731605931,11.4049802188873,0.0398636057773768,11.1983003902435,0.0411855191653004,12.1269221673856,0.017825654018901,0,"Pismis18"
"134",204.303209122236,-62.0756721331724,-5.61116981506348,0.0226877257227898,-2.34815168380737,0.027269721031189,NA,0.0235374302094749,NA,0.0214029956373797,11.618452960968,0.0226423274913063,11.2895549964905,0.0235374302094749,11.1923776931763,0.021131729413516,0.98,"Pismis18"
"135",204.2533812356,-62.0873638566056,-5.60769987106323,0.0377754345536232,-2.30299401283264,0.044197142124176,18.5149993896484,0.0184433038523631,18.0074005126953,0.0155339990875357,13.4781999588013,0.0152065182776816,13.2636995315552,0.0184433038523631,13.1438999176025,0.014940084071287,1,"Pismis18"
"136",204.397150073691,-62.0518733497253,-5.60719633102417,0.0802928283810616,-2.0454785823822,0.0909590497612953,18.6837997436523,0.0204510778482652,18.3264999389648,0.0174524859795537,14.8058004379272,0.0171957091032825,14.4905004501343,0.0204510778482652,14.3479995727539,0.0189113620942867,1,"Pismis18"
"137",204.15603913083,-62.0984239840208,-5.60679769515991,0.0526414848864079,-2.31239104270935,0.0643445402383804,14.6967000961304,0.0190695023423683,14.2399997711182,0.0165010659689922,13.8634004592896,0.0155561844779851,13.5548000335693,0.0190695023423683,13.374400138855,0.0155991962114941,1,"Pismis18"
"138",204.261672997108,-62.0388965573735,-5.60625123977661,0.109255716204643,-2.06131434440613,0.125553131103516,15.2632999420166,0.0220648390576626,13.9056997299194,0.0190117869540721,15.1625003814697,0.0190961862877247,14.7959995269775,0.0220648390576626,14.6564998626709,0.0210411540970314,1,"Pismis18"
"139",204.250861920695,-62.11023625096,-5.60227870941162,0.0235106386244297,-2.27327227592468,0.0296800006181002,18.8187999725342,0.0191602882951833,17.3302993774414,0.0156805954540998,12.4054820636148,0.0214749273187395,12.1362251138687,0.0191602882951833,12.0163029266865,0.020162199598752,1,"Pismis18"
"140",204.145476137475,-62.0721617553819,-5.59931230545044,0.22647799551487,-2.22797966003418,0.241423010826111,19.7765998840332,0.0281727039297836,18.7294006347656,0.0245421694753858,15.8149003982544,0.0231262699446683,15.3908004760742,0.0281727039297836,15.1890001296997,0.0285156452173696,1,"Pismis18"
"141",204.116559774629,-62.2507464671421,-5.59917163848877,0.125281915068626,-2.21212863922119,0.138892024755478,18.9608001708984,0.0227052366830482,17.9190998077393,0.0202539771380584,15.4513998031616,0.0197600171931294,15.0773000717163,0.0227052366830482,14.9270000457764,0.0239160948289372,1,"Pismis18"
"142",204.342477143004,-62.0945036664576,-5.59900999069214,0.0692864060401917,-2.27946829795837,0.0828937888145447,19.9885005950928,0.0202382638330592,18.9692001342773,0.0173826689309423,14.7625999450684,0.0169880305914509,14.4617004394531,0.0202382638330592,14.3162002563477,0.0185596228976594,1,"Pismis18"
"143",204.228939961348,-62.1189591356712,-5.59593057632446,0.0593480356037617,-2.47826480865479,0.0700776875019073,18.4095993041992,0.0194368228818087,17.4381008148193,0.0164322206317337,14.269700050354,0.0162206924542063,13.9357004165649,0.0194368228818087,13.7690000534058,0.0165451860829381,1,"Pismis18"
"144",204.204223139179,-62.0961524541683,-5.59580707550049,0.0408191904425621,-2.25677108764648,0.0488526709377766,15.8388004302979,0.0191608566343985,15.5141000747681,0.0178343779048895,13.5611000061035,0.0157066782043167,13.2947997662513,0.0191608566343985,13.1511001290444,0.0149401406259306,1,"Pismis18"
"145",204.159334439821,-62.0987246025114,-5.59548711776733,0.145518809556961,-2.23100733757019,0.152872949838638,18.3752002716064,0.0222878741529141,17.5261001586914,0.0193882124191031,15.2995004653931,0.0192244774730597,14.9356002807617,0.0222878741529141,14.7658004760742,0.0218881991607014,1,"Pismis18"
"146",204.197651394789,-62.0741486784341,-5.59466934204102,0.0704583823680878,-2.24754309654236,0.0829673707485199,19.555700302124,0.019431558748233,18.6840991973877,0.0165350895151466,14.2192001342773,0.0163840149434686,13.8423004150391,0.019431558748233,13.6991996765137,0.016157185562015,1,"Pismis18"
"147",204.338370604889,-62.0703202644281,-5.58993005752563,0.0508194528520107,-2.30416178703308,0.0606115311384201,20.011999130249,0.0190021952802994,19.2199001312256,0.0164018974950337,13.8479995727539,0.0153941311517795,13.5417003631592,0.0190021952802994,13.3711996078491,0.0155838687278156,1,"Pismis18"
"148",204.328004365078,-62.1164516843868,-5.58963108062744,0.0570341609418392,-2.3426833152771,0.0711848810315132,20.007999420166,0.0193562866998171,18.8950996398926,0.0163082439010741,14.3746995925903,0.0161713779482827,14.0614004135132,0.0193562866998171,13.9041004180908,0.0170975355770036,1,"Pismis18"
"149",204.239077346937,-62.0713178186733,-5.58822154998779,0.0572331137955189,-2.21503639221191,0.0629683062434196,18.8148002624512,0.0207221092351738,18.3355007171631,0.0174087967674607,14.1434001922607,0.0170120287231576,13.8466997146606,0.0207221092351738,13.6704998016357,0.0160694173476896,1,"Pismis18"
"150",204.216800419251,-62.079623718827,-5.58577108383179,0.054806113243103,-2.09919261932373,0.0770708173513412,19.0452995300293,NA,18.0230007171631,0.0172753909412252,14.1499996185303,0.016754650282953,13.8625001907349,NA,13.7035999298096,0.0161984709001126,1,"Pismis18"
"151",204.222188038074,-62.1074288074651,-5.58419752120972,0.0479461401700974,-2.27013421058655,0.0574931390583515,19.9916000366211,0.018949931399669,18.9720001220703,0.0168912131243159,13.8748998292719,0.0157676438623807,13.6295003890991,0.018949931399669,13.4497003204124,0.0159942384605213,1,"Pismis18"
"152",204.35932663004,-62.1390026118368,-5.58338451385498,0.049957562237978,-2.28555274009705,0.0608395747840405,19.0666999816895,0.0208164525714897,18.5629005432129,0.0180803284040732,14.0045003890991,0.0164381360499569,13.6478004455566,0.0208164525714897,13.4644002914429,0.0160184462489665,1,"Pismis18"
"153",204.294242474271,-62.0809114755182,-5.58193445205688,0.0323407053947449,-2.1675226688385,0.039736058562994,19.7017002105713,0.0185056979135715,18.9911994934082,0.0154394845446211,13.2417001724243,0.0151354096094997,12.979100227356,0.0185056979135715,12.8645000457764,0.014998306184071,1,"Pismis18"
"154",204.264546978308,-62.0890252957536,-5.58045864105225,0.0280331261456013,-2.25037002563477,0.0352616421878338,17.9775009155273,0.0190677603490928,17.5657997131348,0.0160112544502755,12.3688681369881,0.0206564298469809,12.1781753396988,0.0190677603490928,12.0177850319997,0.0202892010503781,1,"Pismis18"
"155",204.266689876528,-62.1648091905218,-5.57895374298096,0.193946242332458,-2.34204912185669,0.196122363209724,NA,NA,19.6874008178711,0.0244277158069763,15.8283004760742,0.0229292514666714,15.3860998153687,NA,15.2067001947833,0.0289545611964018,1,"Pismis18"
"156",204.290586716807,-62.1146684442347,-5.57842779159546,0.066036581993103,-2.26830077171326,0.0799279510974884,19.6411991119385,0.0200130302921252,18.6450996398926,0.0172647619647728,14.6728000640869,0.01653466103214,14.3622999191284,0.0200130302921252,14.204400062561,0.0175633193008049,1,"Pismis18"
"157",204.336235753619,-62.1137525929892,-5.57774496078491,0.058801606297493,-2.26999258995056,0.0795513615012169,17.4841995239258,0.0193046864799446,16.5932998657227,0.0162911324200934,14.4273996353149,0.0162972227640251,14.1574001312256,0.0193046864799446,13.9989004135132,0.0170529582507782,1,"Pismis18"
"158",204.219894515257,-62.0408827810367,-5.57556056976318,0.0644430592656136,-2.21270084381104,0.0775836333632469,20.0603008270264,0.0193856731483966,19.0207004547119,0.0163113100195929,14.4231996536255,0.0163591347724512,14.1505002498002,0.0193856731483966,14.0115003170322,0.0170631171502487,1,"Pismis18"
"159",204.2129839086,-62.0001201358237,-5.57383966445923,0.130096033215523,-2.28744649887085,0.148713499307632,NA,NA,19.6070995330811,0.0238761754652937,15.2829999923706,0.0192878200941894,14.881199836731,NA,14.6961002349854,0.0212913792921619,1,"Pismis18"
"160",204.202264501206,-62.0987975344703,-5.572190284729,0.0553563795983791,-2.29339742660522,0.0697069689631462,16.3889007568359,0.0195938797514587,16.1196002960205,0.0163754729779222,14.3371000289917,0.0161931163775059,14.0425996780396,0.0195938797514587,13.9134998321533,0.0171030374565781,1,"Pismis18"
"161",204.267948486981,-62.1116291187982,-5.57196712493896,0.0583036430180073,-2.18215942382812,0.0719614624977112,18.0475997924805,0.0192871496758158,17.7339000701904,0.0163705450636484,14.5721998214722,0.0164777097630286,14.3059997558594,0.0192871496758158,14.1583995819092,0.0172992143693855,1,"Pismis18"
"162",204.364381919349,-62.0130797405018,-5.57021999359131,0.0972340181469917,-2.45036506652832,0.112462341785431,19.9785995483398,0.0216563989363128,19.0345001220703,0.0185643116694196,15.1174001693726,0.0188765415268541,14.7428998947144,0.0216563989363128,14.6026000976562,0.0207731526091682,1,"Pismis18"
"163",204.269722153368,-62.0827820201049,-5.56486034393311,0.0376381389796734,-2.34367728233337,0.0435755848884583,18.8106994628906,0.0184733466542505,17.9062004089355,0.015907872743658,13.5256004333496,0.0151933988088124,13.262900352478,0.0184733466542505,13.1558999720275,0.0149281950695896,1,"Pismis18"
"164",204.193658705846,-62.154301593644,-5.56374168395996,0.126452073454857,-2.25912237167358,0.131841614842415,NA,0.0271237653531403,17.430700302124,0.0197045160574373,15.2723999023438,0.0194368267172286,14.9052000045776,0.0271237653531403,14.7210998535156,0.0214858821573517,1,"Pismis18"
"165",204.219939686415,-62.0921031157764,-5.55950784683228,0.0254063792526722,-2.18508815765381,0.0307244434952736,19.9683990478516,0.0249428946915603,18.9353008270264,0.0255845407516399,11.4049802188873,0.0398636057773768,11.1983003902435,0.0249428946915603,10.9954801445007,0.0262522766334451,1,"Pismis18"
"166",204.157125869436,-62.0735532793366,-5.55551385879517,0.0338818542659283,-2.17070317268372,0.0390927344560623,18.3250999450684,0.0216476977540709,17.4074993133545,0.026083804196874,11.2047763175964,0.0246480630061548,10.4435600471497,0.0216476977540709,10.1283762283325,0.0211447863100484,1,"Pismis18"
"167",204.270177733375,-62.0653234008009,-5.54497957229614,0.0625872239470482,-2.34404635429382,0.0778786614537239,NA,0.0211416948755834,NA,0.017436477686627,14.12380027771,0.0162477924616424,13.7747001647949,0.0211416948755834,13.6106996536255,0.0159820084173655,1,"Pismis18"
"168",204.199315607513,-62.0073958572145,-5.53871440887451,0.0955872088670731,-2.17436075210571,0.118737980723381,16.6303997039795,0.0212172942434085,16.1170997619629,0.0183355275644347,15.0783004760742,0.0187376651876296,14.6799001693726,0.0212172942434085,14.516300201416,0.0203743303109322,1,"Pismis18"
"169",204.346241125198,-62.1747592924567,-5.53712368011475,0.109040603041649,-2.05332040786743,0.134527593851089,19.8966999053955,0.0211946741745342,18.800500869751,0.0177516595083439,14.8763999938965,0.0176610338260027,14.4412002563477,0.0211946741745342,14.2477998733521,0.0179003962364139,1,"Pismis18"
"170",204.288220419383,-62.1158194641999,-5.53568601608276,0.0270219761878252,-2.30645084381104,0.032622616738081,NA,0.018446480195875,NA,0.0155561832075126,12.8812999725342,0.0151744453989337,12.7128000259399,0.018446480195875,12.4977609852502,0.0181172922509201,1,"Pismis18"
"171",204.271749667599,-62.1120558076622,-5.53533887863159,0.0223568361252546,-2.25052189826965,0.0265006273984909,18.4638004302979,NA,17.5468006134033,NA,10.9027587776184,0.0378686946903667,10.2656648445129,NA,10.0145344619751,0.0272321140982073,1,"Pismis18"
"172",204.271749667599,-62.1120558076622,-5.53525304794312,0.0222393833100796,-2.24962830543518,0.0262662991881371,18.4638004302979,NA,17.5468006134033,NA,10.9027587776184,0.0378686946903667,10.2656648445129,NA,10.0145344619751,0.0272321140982073,1,"Pismis18"
"173",204.271749667599,-62.1120558076622,-5.5351414680481,0.0224205404520035,-2.249666929245,0.0264844726771116,18.4638004302979,0.0301589688535289,17.5468006134033,NA,10.9027587776184,0.0378686946903667,10.2656648445129,0.0301589688535289,10.0145344619751,0.0272321140982073,1,"Pismis18"
"174",204.218277962132,-61.9907581330323,-5.52879858016968,0.0373788103461266,-2.42931509017944,0.0458701476454735,14.2118997573853,0.0183747930519397,13.5590000152588,0.0162673835685155,13.8920001983643,0.0156359939139764,13.6701002120972,0.0183747930519397,13.5409002304077,0.0160480640648082,1,"Pismis18"
"175",204.346478956992,-62.0587356706307,-5.52800178527832,0.0362612828612328,-2.27714705467224,0.0408967100083828,20.3932991027832,0.0185042586013828,19.2493991851807,0.0154408575006195,13.2586002349854,0.015365464255002,13.0348997116089,0.0185042586013828,12.8786001205444,0.0150028882676683,1,"Pismis18"
"176",204.123671193168,-62.0498854835552,-5.52586603164673,0.0625579729676247,-2.11852359771729,0.0764436051249504,20.7176990509033,0.0195068721584591,19.6096000671387,0.0167319168593162,14.2901000976562,0.0163880047461911,14.0093002319336,0.0195068721584591,13.8385000228882,0.0169424651183578,1,"Pismis18"
"177",204.307579054113,-62.1345061849597,-5.51991319656372,0.0393182188272476,-2.26165866851807,0.0502097569406033,19.2542991638184,0.0188775593477903,18.2978000640869,0.0163469072241581,13.9603996276855,0.0160005630865536,13.7142000198364,0.0188775593477903,13.5753002166748,0.0160078766195963,1,"Pismis18"
"178",204.288630725678,-61.9743202202761,-5.51829147338867,0.0877816006541252,-2.20469784736633,0.098955325782299,19.9967002868652,0.0210475111119346,18.9675006866455,0.0183335696691807,15.1220998764038,0.0189743656724676,14.8037996292114,0.0210475111119346,14.6654996871948,0.0210834539953983,1,"Pismis18"
"179",204.195318415811,-62.0396103383126,-5.51667261123657,0.0536675527691841,-2.14612793922424,0.0628408044576645,NA,0.0195318532165588,NA,0.0164301121976343,14.2193002700806,0.0163431680713906,13.9569997787476,0.0195318532165588,13.8345003128052,0.0169178952890351,1,"Pismis18"
"180",204.384062300181,-62.1342610247814,-5.51055479049683,0.146940693259239,-2.1558952331543,0.167708024382591,19.8607997894287,0.0235352977972344,19.0454998016357,0.0201542491147201,15.3695001602173,0.0193210303294414,14.9642000198364,0.0235352977972344,14.7958002090454,0.0222357927760759,1,"Pismis18"
"181",204.272938667013,-62.1107443150273,-5.50947904586792,0.0705558732151985,-2.25258541107178,0.0849382728338242,18.4489002227783,0.0206568284249753,17.949800491333,0.0176267521430838,14.8417997360229,0.0180855415760162,14.5079001887575,0.0206568284249753,14.3744000845399,0.0192408006820544,1,"Pismis18"
"182",204.18582057161,-62.0888954495321,-5.50722312927246,0.0963622182607651,-2.17434859275818,0.114528656005859,16.4419994354248,0.0207582137954983,16.2005996704102,0.0177634347240071,14.9358997344971,0.0180772167127115,14.5588998794556,0.0207582137954983,14.4246997833252,0.0197175218119178,1,"Pismis18"
"183",204.251548560573,-62.0710211600405,-5.49620342254639,0.0681154653429985,-2.2311806678772,0.0799463465809822,16.3012008666992,0.0198288973897645,15.9987001419067,0.0169189853350975,14.6174001693726,0.0164648751618599,14.3190002441406,0.0198288973897645,14.1665000915527,0.0173527023586358,1,"Pismis18"
"184",204.138736938793,-62.0851473954688,-5.49237966537476,0.0522608608007431,-2.26476550102234,0.0619342774152756,16.4375991821289,0.0186355018666386,15.8638000488281,0.0166204249574381,13.7684001922607,0.0152487958218154,13.4879999160767,0.0186355018666386,13.289999961853,0.0151241884572818,1,"Pismis18"
"185",204.210437899877,-62.0812382205337,-5.49009370803833,0.0797337368130684,-2.32151293754578,0.0931747332215309,20.2686996459961,NA,19.4090003967285,0.017947658061196,14.8168001174927,0.0178163876840725,14.4841995239258,NA,14.3315000534058,0.0187651254570608,1,"Pismis18"
"186",204.407170793422,-62.1217621640508,-5.48342943191528,0.0644878223538399,-2.33823561668396,0.0770765691995621,20.5048007965088,0.0192608665704719,19.5014991760254,0.0162944575627189,14.3816003799438,0.0163387303114988,14.03600025177,0.0192608665704719,13.8452997207642,0.0169718637595659,1,"Pismis18"
"187",204.087300245148,-62.135030042957,-5.4827733039856,0.0363832488656044,-2.34457755088806,0.0416711494326591,18.9195003509521,0.0184619982422604,18.4009990692139,0.0155316585564934,13.3922996520996,0.0155583579407161,13.21399974823,0.0184619982422604,13.0774002075195,0.0150190299955559,1,"Pismis18"
"188",204.256736869467,-62.0857463144004,-5.48125123977661,0.046591579914093,-2.31563282012939,0.0569219589233398,18.1968994140625,0.0199728479361435,17.8152008056641,0.0165083044949479,13.9875001907349,0.0162878850366943,13.704400062561,0.0199728479361435,13.5659999847412,0.0160212818479721,1,"Pismis18"
"189",204.057689369203,-62.0709498481345,-5.47742605209351,0.182786136865616,-2.13489818572998,0.183911040425301,20.5706005096436,0.0242447357331562,18.8374004364014,0.0210473531807384,15.4900999069214,0.0201398826555925,15.1293001174927,0.0242447357331562,14.9233999252319,0.0238612309376553,1,"Pismis18"
"190",204.19606349075,-62.0430531520086,-5.47481966018677,0.045970793813467,-2.217209815979,0.0544927641749382,20.3038005828857,0.019462259309412,19.0715007781982,0.0168442876445284,13.91100025177,0.0166904627370558,11.7103947257996,0.019462259309412,13.0052647659598,0.0193019048136275,0,"Pismis18"
"191",204.30055142581,-62.0021814035612,-5.46925067901611,0.0420604050159454,-2.19554781913757,0.0495723374187946,19.6495990753174,0.0190315391375733,18.0475997924805,0.016228477581088,14.0740003585815,0.0162432907453785,13.9011001586914,0.0190315391375733,13.7868003845215,0.0166487147467983,1,"Pismis18"
"192",204.279874527661,-62.0735461916331,-5.45114040374756,0.180233433842659,-2.18894124031067,0.219319939613342,16.617000579834,0.0263476746068858,16.3519992828369,0.0226591596080444,15.6246995925903,0.021371332563274,15.163800239563,0.0263476746068858,15.0059995651245,0.0251506769003259,1,"Pismis18"
"193",204.306696752782,-62.1441878802212,-5.45019960403442,0.154798895120621,-2.23965287208557,0.206590428948402,18.7346992492676,0.026398818939007,17.6119995117188,0.0240777588128124,15.8142004013062,0.0227419495392979,15.4132995605469,0.026398818939007,15.2306003570557,0.0292931732835088,1,"Pismis18"
"194",204.263772299439,-62.1613754743978,-5.44160461425781,0.150042787194252,-2.32249069213867,0.15391306579113,16.6315994262695,0.0231999502178672,16.3271007537842,0.0203420247808059,15.4310998916626,0.0196137686207447,15.042799949646,0.0231999502178672,14.8898000717163,0.0233727284410339,1,"Pismis18"
"195",204.349994354116,-62.0813325956955,-5.44095849990845,0.157866910099983,-2.16086792945862,0.172549828886986,17.0666007995605,0.0253442202986165,16.4256000518799,0.0226656976847971,15.6766004562378,0.0216455270724763,15.2800998687744,0.0253442202986165,15.1372003555298,0.0274641518626998,1,"Pismis18"
"196",204.130714607576,-62.0902022165797,-5.43675518035889,0.150792375206947,-2.19655275344849,0.205521181225777,18.5170993804932,0.0225149089325463,17.4955997467041,0.0194637690942835,15.1722002029419,0.0195674774873059,14.7680997848511,0.0225149089325463,14.5401000976562,0.0205340211801982,1,"Pismis18"
"197",204.120021710213,-62.037029247408,-5.43502950668335,0.102564491331577,-2.38806533813477,0.130434155464172,20.1403007507324,0.0220988910704612,19.0263996124268,0.0197196355293492,15.0413999557495,0.0187551993282676,14.6753997802734,0.0220988910704612,14.4941997528076,0.0202728030210523,1,"Pismis18"
"198",204.222465757016,-62.1137483104,-5.43208694458008,0.0561161935329437,-2.19449758529663,0.0631765946745872,20.0969009399414,0.0194604600859823,18.9545001983643,0.0164036498792554,14.1946001052856,0.0162737932814261,13.8982000350952,0.0194604600859823,13.7318000793457,0.0163218275608594,1,"Pismis18"
"199",204.175853862033,-62.1023167309978,-5.42398977279663,0.598961055278778,-2.13405156135559,0.551372110843658,18.3365001678467,0.0468219386242874,17.9309005737305,0.0435918826692745,16.7394008636475,0.0391419783251257,16.2315998077393,0.0468219386242874,16.0573997497559,0.0538669042717162,1,"Pismis18"
"200",204.254319534632,-62.2295022744595,-5.41588592529297,0.0320851877331734,-2.10177850723267,0.0374138280749321,20.6312999725342,0.0185183499037052,19.8570003509521,0.0154368058117417,13.3051996231079,0.015129847257192,13.0625,0.0185183499037052,12.9378995895386,0.0150263705225273,1,"Pismis18"
"201",204.258557905628,-62.0873612701279,-5.39665079116821,0.191093876957893,-2.23065638542175,0.209838852286339,18.5359992980957,0.0268449718558701,18.007999420166,0.0237256674762631,15.747200012207,0.0221437280293571,15.3332996368408,0.0268449718558701,15.194299697876,0.0285866230041635,1,"Pismis18"
"202",204.286679147909,-62.1238573119904,-5.38673686981201,0.0495452247560024,-2.2468900680542,0.0601325109601021,NA,0.019432283464324,19.8206996917725,0.0164277626601252,14.0727996826172,0.0162039028306782,13.7360000610352,0.019432283464324,13.5715999603271,0.0160119769570819,1,"Pismis18"
"203",204.312331952774,-62.0984942535586,-5.37453889846802,0.091876283288002,-2.17374682426453,0.109495215117931,19.6837997436523,0.0193294743384329,18.6597003936768,0.016450700854876,14.5244998931885,0.016168310946102,14.2566995620728,0.0193294743384329,14.104100227356,0.0170928850221373,1,"Pismis18"
"204",204.242560601569,-61.9470579614098,-5.37311601638794,0.727111637592316,-2.12476873397827,0.744969189167023,19.7628002166748,0.221208529092439,18.2738990783691,0.107228765946918,16.6657009124756,0.0392227731826134,15.1740999221802,0.221208529092439,14.5761995315552,0.0207404257323578,0,"Pismis18"
"205",204.234218180121,-62.0940001252057,-5.36343717575073,0.12538044154644,-2.18448185920715,0.140169247984886,19.684700012207,0.0223961675299827,18.9108009338379,0.0193017714344592,15.25119972229,0.0191215390889367,14.8151998519897,0.0223961675299827,14.6665000915527,0.021087090423683,1,"Pismis18"
"206",204.312685443617,-62.2547535678335,-5.34568643569946,0.333465188741684,-2.2791051864624,0.353070467710495,19.11669921875,0.140479312852603,17.4535007476807,0.0517797239089137,15.7121000289917,0.0221110060113567,14.1069002151489,0.140479312852603,13.3896999359131,0.0156929876857231,0,"Pismis18"
"207",204.203339857568,-62.2784146595524,-5.33668088912964,0.757387280464172,-2.1783766746521,0.777814149856567,19.230899810791,0.153114750595029,17.8083992004395,0.0687443133923144,16.4169998168945,0.0322710304665751,15.309700012207,0.153114750595029,14.6632995605469,0.0211296081736054,0,"Pismis18"
